"","beta_mean","beta_median","beta_lci","beta_uci","trend","trend_lci","trend_uci","alpha_mean","alpha_median","alpha_lci","alpha_uci","abundance","abundance_lci","abundance_uci","site_orig","site_bbs","site_gwwa","survey","country_stateprov_bcr","BCR","COUNTRY","Latitude","Longitude"
"1",-0.0452458711139167,-0.0440829,-0.2177408,0.12256505,-4.31253707218288,-19.5666102004187,13.0392649724298,-0.398670729673583,-0.3762325,-1.3225715,0.460806499999999,0.686442716556004,0.266449246011341,1.58535205597623,"45-101",1,1,1,"CA-MB-12",12,"CA",49.4472699967548,-95.40772
"2",0.01526410636674,0.01577245,-0.18896245,0.21818325,1.58974916288002,-17.2182409338342,24.3814975830655,-1.0617526436095,-1.013975,-2.252834,-0.0292824150000009,0.362774082762656,0.105100946019787,0.971142160621375,"45-102",2,1,1,"CA-MB-11",11,"CA",49.5648199967862,-96.88941
"3",0.018311585169,0.0183215,-0.20615145,0.24079865,1.84903684121507,-18.6290169403467,27.2264838991199,-0.979902569495375,-0.9271035,-2.4613785,0.28563445,0.395698191888894,0.085317260024532,1.33060596332925,"45-120",3,1,1,"CA-MB-6",6,"CA",50.9392999971302,-100.26061
"4",0.02674001645335,0.02717225,-0.17224665,0.22509615,2.75447821094239,-15.8228475385252,25.2443132809962,-0.571265738001209,-0.5302,-1.732902,0.47902735,0.588487260455734,0.176770676400093,1.61450329161981,"45-201",4,1,1,"CA-MB-12",12,"CA",49.234549996697,-95.4268
"5",-0.0304605809319083,-0.0303361,-0.23037205,0.1673838,-2.98805783891365,-20.5761948740148,18.2207909644166,-1.09921943596808,-1.048495,-2.3901,0.0409582549999999,0.350464801931333,0.0916205213672502,1.04180861433711,"45-212",5,1,1,"CA-MB-12",12,"CA",50.0835899969212,-95.39231
"6",0.0585994531661508,0.05591445,-0.14908795,0.2732264,5.75072101248315,-13.8506656772589,31.4197745515975,0.395224792513442,0.4260635,-0.7004779,1.395184,1.53121800438946,0.496348042372859,4.0357170762618,"45-24",6,1,1,"CA-MB-11",11,"CA",51.5073499972599,-100.55731
"7",-0.145895294969158,-0.1421285,-0.38654075,0.084534955,-13.2490225682662,-32.0596960863312,8.8210881978575,-0.568228585818092,-0.522975,-1.847534,0.541541399999999,0.59275447767212,0.15762539165086,1.71865395475236,"45-26",7,1,1,"CA-MB-6",6,"CA",51.4037299972367,-101.22415
"8",-0.0829791490838917,-0.07975745,-0.3705483,0.1956169,-7.66597245876534,-30.9644295186379,21.606094313764,-0.894950053617917,-0.801541,-2.6527995,0.5684988,0.448637081416055,0.0704537015851491,1.76561452042404,"45-303",8,1,1,"CA-MB-11",11,"CA",49.0451399966446,-97.183639
"9",0.0195508936117167,0.02037765,-0.17430085,0.21252455,2.05866918222899,-15.9955867639103,23.6796476546077,-0.99202450927325,-0.967496,-2.2843115,0.213645649999999,0.38003345145173,0.101844157675675,1.2381838266097,"45-402",9,1,1,"CA-MB-12",12,"CA",49.662039996812,-96.09178
"10",0.05303649874416,0.05272725,-0.09336596,0.1983217,5.41420886509456,-8.91398990680913,21.9354597106251,0.968345426686417,0.9771645,0.24682885,1.6389065,2.65691187733309,1.27996002887176,5.14953541537692,"45-42",10,1,1,"CA-MB-6",6,"CA",51.6243199972857,-97.42874
"11",0.0189928395491,0.0184769,-0.18873995,0.2327171,1.86486541138824,-17.1998199431828,26.2024402117712,-1.07218831262983,-1.03302,-2.4560905,0.14522925,0.35593042593373,0.0857696126618227,1.15630462271998,"45-43",11,1,1,"CA-MB-6",6,"CA",51.06719999716,-98.11854
"12",-0.116724919595944,-0.112867,-0.34342365,0.098958045,-10.6730542946368,-29.0662362994418,10.4019979428971,-0.179995915458417,-0.1500715,-1.357305,0.9012159,0.860646438004768,0.257353410652137,2.4625955614713,"45-49",12,1,1,"CA-MB-6",6,"CA",52.3762599974446,-100.92107
"13",0.0186532243184901,0.019008,-0.1929059,0.2297482,1.91898021032109,-17.5440438456695,25.8283134343288,-0.465305913702417,-0.435827,-1.961447,0.9405488,0.646729600478895,0.140654746180185,2.56138672171163,"45-614",13,1,1,"CA-MB-11",11,"CA",50.7127499970765,-97.83294
"14",0.00113191042016458,0.001371085,-0.1872776,0.1893838,0.137202536676373,-17.0786485239577,20.8504687585539,-1.18355865904258,-1.149505,-2.391933,-0.0813930200000002,0.31679354337826,0.0914527347749746,0.921831322093862,"49-1",14,1,1,"US-MI-12",12,"US",46.8708966959817,-89.3135462
"15",0.0949239637940167,0.0963263,-0.15840965,0.3468041,10.1118300282773,-14.6499925960885,41.4539589920232,-0.35558510814,-0.32544,-1.9399905,1.110614,0.722209511536861,0.14370531497171,3.03622206257743,"49-116",15,1,1,"US-MI-12",12,"US",45.9415396956632,-86.70906
"16",-0.190568426034833,-0.1886465,-0.3902183,0.00796587099999993,-17.1920819048023,-32.3090910886177,0.799768296429271,-0.473480398630008,-0.4376815,-1.6474975,0.56853825,0.64553135185426,0.1925311153759,1.76568417529081,"49-128",16,1,1,"US-MI-12",12,"US",44.1177896949775,-85.8031169
"17",-0.20694299019725,-0.2043665,-0.4302023,0.00563188549999995,-18.4836441011067,-34.9622489956307,0.564777438125819,-0.907485462602917,-0.8680915,-2.0477315,0.1165876,0.419751881753746,0.129027270208053,1.1236559384162,"49-131",17,1,1,"US-MI-23",23,"US",43.7069416948122,-85.4353239
"18",-0.0285175119530167,-0.0274111,-0.1850869,0.12879645,-2.70388250427366,-16.8967935972144,13.745857090809,0.0937029456010267,0.1107765,-0.7163101,0.86597245,1.11714519699889,0.488551640842772,2.37731678398246,"49-17",18,1,1,"US-MI-12",12,"US",44.4307999951007,-86.1283614
"19",-0.124464928980017,-0.1235335,-0.3533297,0.0970412699999999,-11.6207966284974,-29.7654408141807,10.1905848336994,-1.23381469367992,-1.179985,-2.609485,-0.0422947050000009,0.307283347816779,0.073572423806369,0.958587238489127,"49-18",19,1,1,"US-MI-23",23,"US",43.904060694892,-86.2186454
"20",-0.117701421392203,-0.116318,-0.32025615,0.0813291599999998,-10.98079028041,-27.4036942181845,8.47278868413102,-0.891916657904083,-0.852806,-2.20813,0.28109565,0.426217286731736,0.109905980653949,1.32458029398133,"49-230",20,1,1,"US-MI-12",12,"US",44.7824304952365,-85.8088908
"21",-0.076225546140555,-0.07417555,-0.3176099,0.1593024,-7.14913201655936,-27.2113318367872,17.2692515283864,-0.830031698272433,-0.787763,-2.230036,0.400513649999999,0.454861182494652,0.107524559181988,1.49259117022968,"49-3",21,1,1,"US-MI-12",12,"US",46.4189746958294,-89.6936659
"22",-0.178445312129858,-0.1747,-0.48624305,0.117857,-16.0291104345218,-38.5067670153754,12.5083212963927,-2.00130716588667,-1.927895,-3.6166955,-0.616991950000001,0.145454057244839,0.0268713262379806,0.539565037561064,"49-38",22,1,1,"US-MI-23",23,"US",43.596193694767,-85.1256579
"23",-0.147234777999962,-0.147319,-0.4152958,0.12240425,-13.6981369442317,-33.985501906379,13.0210897199517,-0.478025479149167,-0.4435555,-2.0200925,0.91685255,0.641750615586717,0.132643195017101,2.50140493993802,"49-47",23,1,1,"US-MI-12",12,"US",44.8411713952589,-84.2523673
"24",-0.200603402981542,-0.198703,-0.44458555,0.0314864849999999,-18.0206664199338,-35.8910079302066,3.19874281913044,-0.787588143146,-0.749152,-2.193554,0.481713799999999,0.472767289466096,0.111519702461683,1.61884640515423,"49-50",24,1,1,"US-MI-12",12,"US",43.7272499948205,-84.4869421
"25",-0.0299747573187133,-0.0316585,-0.240005,0.1838656,-3.11626164418848,-21.3376072062919,20.1854283025413,0.916404340687292,0.9275435,-0.0731435750000002,1.8566485,2.52829079667644,0.929467372167457,6.40224365484834,"49-59",25,1,1,"US-MI-12",12,"US",45.1623676953799,-83.4954069
"26",-0.0219723424110917,-0.0228437,-0.2054012,0.1607604,-2.25847581627775,-18.5679454537294,17.4403548010902,-0.838645076050035,-0.799209,-2.0295815,0.234317749999999,0.449684523933207,0.131390496566898,1.2640460790439,"49-8",26,1,1,"US-MI-12",12,"US",46.2388166957674,-88.7363589
"27",0.0800830617021,0.07933555,-0.10854225,0.2711658,8.25675166621502,-10.2859010190586,31.1492497815494,-0.387614924839846,-0.3629645,-1.4267695,0.5814194,0.695611127255796,0.240083259792365,1.78857533371279,"49-9",27,1,1,"US-MI-12",12,"US",46.3041156957899,-87.1371679
"28",-0.0374048472746983,-0.036512,-0.2010442,0.12739625,-3.58534759313837,-18.2123719376674,13.5867015924776,2.84346145,2.84263,2.2435225,3.437459,17.1608392464554,9.4264776416458,31.1078127045003,"50-139",28,1,1,"US-MN-12",12,"US",47.2878001961178,-94.4892239
"29",0.01587626473066,0.01603145,-0.087919895,0.11807525,1.61606431557839,-8.41657633134337,12.5328789172685,2.96639557166667,2.9687,2.386772,3.5253315,19.4665965640934,10.8783219826788,33.9650311580358,"50-140",29,1,1,"US-MN-12",12,"US",47.5992112962167,-94.885001
"30",-0.0119432622021708,-0.01131255,-0.1980817,0.17442785,-1.1248803710381,-17.9697168341306,19.0564840032916,-0.5253429766885,-0.490362,-1.623911,0.47232165,0.612404663565385,0.197126228821733,1.60371313510632,"50-15",30,1,1,"US-MN-23",23,"US",45.6049322955426,-93.8828669
"31",0.130715145742275,0.130566,-0.0055256645,0.26713705,13.9473142639257,-0.551042609627173,30.6219451439869,1.872529577025,1.87425,1.0830175,2.650447,6.51593033951183,2.95357854120991,14.1603669149132,"50-179",31,1,1,"US-MN-12",12,"US",48.1329176963805,-93.3426069
"32",0.1805973165285,0.179874,0.077419015,0.2872017,19.7066523237169,8.04947250499057,33.269299054479,2.53901619883333,2.544015,1.9134785,3.157159,12.7306821862708,6.77662032139057,23.5037268984682,"50-22",32,1,1,"US-MN-12",12,"US",46.7041859959261,-92.6394206
"33",-0.0878806858629933,-0.08803665,-0.2362707,0.060058515,-8.42726852977784,-21.0433090761274,6.18986817287832,3.15810280333333,3.159315,2.481208,3.8391585,23.5544555995507,11.9556981815039,46.4863397212903,"50-23",33,1,1,"US-MN-12",12,"US",46.2421177957685,-93.8074399
"34",0.01869386091701,0.0178368,-0.094545675,0.1355141,1.79968257503078,-9.02138208067197,14.5125341987927,1.64423561749167,1.63794,0.9670766,2.3472065,5.14456079377109,2.63024395383481,10.4563191604489,"50-24",34,1,1,"US-MN-12",12,"US",46.3671875958117,-93.6014381
"35",-0.117502218977833,-0.115118,-0.2933465,0.0527159149999999,-10.8739031092703,-25.4236311195154,5.41301400180898,1.52856889705833,1.538615,0.73754795,2.2982445,4.65813428526492,2.09080247162682,9.95668813764499,"50-25",35,1,1,"US-MN-12",12,"US",46.8020455959589,-94.5135819
"36",-0.0089789926877325,-0.007279485,-0.19699595,0.1783535,-0.725305372331519,-17.8806040858542,19.5247766648685,0.2521063068097,0.2707235,-0.86207815,1.2950795,1.31091255294797,0.422283601160347,3.65128623985912,"50-26",36,1,1,"US-MN-12",12,"US",46.754646995943,-94.365017
"37",-0.0849445471049333,-0.08358595,-0.22135095,0.0498164649999999,-8.01879745699574,-19.8564632812449,5.10781690403515,0.866994678204417,0.873967,0.1510884,1.5729855,2.39639853525455,1.16309947153068,4.82101988462438,"50-28",37,1,1,"US-MN-23",23,"US",46.74566059594,-95.4769368
"38",-0.0771721326769575,-0.0747375,-0.2791799,0.11676205,-7.20129490398266,-24.3596186071943,12.3851977293653,-1.11277187815619,-1.066905,-2.3698055,0.0136469049999994,0.344071773319879,0.0934989100476338,1.0137404490526,"50-32",38,1,1,"US-MN-12",12,"US",47.7313653962579,-90.703063
"39",-0.031830456696475,-0.03151405,-0.17367895,0.1065563,-3.10226577735583,-15.9433281711936,11.2440555085923,0.125466507945332,0.137646,-0.811242,1.005603,1.14756923885075,0.444305895473707,2.73355510968432,"50-34",39,1,1,"US-MN-12",12,"US",47.0678993960466,-91.8050812
"40",-0.087452964245835,-0.0871236,-0.1958924,0.01788,-8.34361986541368,-17.7899312046661,1.80408041631073,1.28211756382,1.280305,0.61302845,1.9511485,3.59773686799129,1.84601350154447,7.03676466565386,"50-35",40,1,1,"US-MN-12",12,"US",47.0684834960467,-92.9862729
"41",-0.0372435527976908,-0.03677235,-0.2281912,0.1466677,-3.61044588058116,-20.4027944571822,15.7969105955485,0.51937034389825,0.5404595,-0.6441023,1.6012655,1.71679554852484,0.525133743137581,4.95930445471832,"50-36",41,1,1,"US-MN-12",12,"US",47.5952984962154,-92.9913092
"42",0.0783557797971338,0.0772434,-0.033902175,0.1898467,8.03049906293589,-3.33339358799869,20.9064233902425,1.21359795096333,1.219555,0.5461971,1.870033,3.38568077040406,1.72667414728787,6.4885105166008,"50-37",42,1,1,"US-MN-12",12,"US",47.3402699961346,-93.63994
"43",0.0770513596166092,0.07750365,-0.037172095,0.19391455,8.05861765909064,-3.64896942258298,21.3992542861213,2.61172498275,2.60832,1.8470145,3.3668555,13.576223626638,6.34086059643621,28.9872332413918,"50-38",43,1,1,"US-MN-12",12,"US",47.6168331962221,-93.1946352
"44",0.113821178455639,0.114454,0.00144954099999999,0.22422505,12.1261061868804,0.145059209236109,25.1352604645473,1.52858089393333,1.54682,0.81714995,2.183577,4.69651150431424,2.26403801210722,8.87800615767779,"50-42",44,1,1,"US-MN-12",12,"US",47.7819309962735,-95.132293
"45",-0.0450464058668,-0.0457118,-0.20635475,0.11744295,-4.46827550494417,-18.6455579797491,12.4617468686962,0.7141673871595,0.7270985,-0.10440035,1.491423,2.06906848759202,0.900864564087995,4.44341400046056,"50-45",45,1,1,"US-MN-12",12,"US",48.2729264964224,-92.4914447
"46",-0.0746257980719367,-0.07367445,-0.17463985,0.02201471,-7.10259278718277,-16.0240594336071,2.22588217871069,1.89669628875,1.895245,1.238539,2.5793055,6.65417847866792,3.45056849973499,13.1879759291593,"50-46",46,1,1,"US-MN-12",12,"US",48.2863626964264,-93.5511929
"47",-0.0930657723101067,-0.09257995,-0.2214658,0.03139103,-8.84236724764005,-19.8656672378897,3.18889245327547,0.865750408722983,0.8735515,0.052486915,1.6345815,2.39540303849192,1.05388877185374,5.12731176798516,"50-47",47,1,1,"US-MN-12",12,"US",48.9594806966207,-94.9927589
"48",-0.0970620896934492,-0.09533085,-0.27264715,0.0742809599999999,-9.0927881801862,-23.8638613396164,7.71093876410414,-0.046474214016325,-0.0263217,-1.084794,0.928959249999999,0.974021696422419,0.3379714008327,2.53187275935537,"50-63",48,1,1,"US-MN-23",23,"US",45.9187186956551,-93.0208129
"49",-0.115163087029192,-0.114756,-0.2565859,0.0211266349999999,-10.841633621771,-22.6311468139947,2.13513822807578,1.706269827475,1.704315,0.9708313,2.4496455,5.49761850842864,2.64013829432438,11.5842393783806,"50-67",49,1,1,"US-MN-12",12,"US",46.5918376958883,-92.7409299
"50",-0.0293334541546358,-0.02930295,-0.10083915,0.04171177,-2.88777815781353,-9.5921557791565,4.259392859102,3.38411904916667,3.391645,2.689982,4.0552895,29.7147929222761,14.7314107526625,57.7018652683877,"50-68",50,1,1,"US-MN-12",12,"US",46.3901206958196,-93.0960859
"51",0.0873686493763667,0.08616885,-0.066002345,0.24203555,8.99903576399024,-6.3871330932684,27.3839477004671,2.98906723191667,3.00445,2.1777265,3.754483,20.1751167297401,8.82621702652948,42.7121319291197,"50-69",51,1,1,"US-MN-12",12,"US",46.3731722958137,-94.1041272
"52",-0.101127902329375,-0.1001575,-0.3246225,0.11662675,-9.53050826351587,-27.7199840793117,12.3699930407329,-0.98836565246775,-0.929605,-2.371714,0.2138816,0.394709589871372,0.0933206375484515,1.23847601055264,"50-73",52,1,1,"US-MN-12",12,"US",47.7622202962674,-92.0002907
"53",0.0423710923199233,0.04209895,-0.03798769,0.12561795,4.29976782651473,-3.7275208039555,13.3848898551253,2.66332225833333,2.659355,1.9828565,3.356227,14.2870709653765,7.26346145756848,28.6807739192646,"50-74",53,1,1,"US-MN-12",12,"US",47.796392096278,-93.9058145
"54",-0.00995764302624083,-0.008337015,-0.1549795,0.13130555,-0.830235846799532,-14.3567265825293,14.0316151687144,1.524228914545,1.536745,0.8344051,2.1767895,4.64943171359199,2.30344332217259,8.81795073453821,"50-75",54,1,1,"US-MN-12",12,"US",47.5569136962034,-94.0772169
"55",-0.039203876524415,-0.03923715,-0.1581425,0.081391625,-3.84773429919563,-14.6271882956617,8.4795646485043,2.70111323916667,2.703025,1.993037,3.406911,14.9248110614618,7.33778480945833,30.1718991656044,"50-78",55,1,1,"US-MN-12",12,"US",48.3033799964314,-92.5689762
"56",-0.0714289208102083,-0.070912,-0.19119755,0.0459388549999999,-6.84561356191744,-17.4030598222331,4.70103895493934,1.24234130946,1.25016,0.44550935,2.020451,3.49090145701381,1.56128523397306,7.54172548497368,"50-80",56,1,1,"US-MN-12",12,"US",48.4244640964671,-94.950061
"57",0.0315034793640917,0.03151195,-0.1028175,0.16686135,3.20137080857708,-9.77083733216759,18.1590426437869,-0.0554464328038667,-0.03039745,-0.96827825,0.7857282,0.970059906609989,0.379736286528116,2.19400403289814,"50-82",57,1,1,"US-MN-12",12,"US",48.7754768965687,-96.3165607
"58",0.0983562404730817,0.09819695,-0.00521701600000001,0.2028332,10.3180035022018,-0.520343100667087,22.4868143200978,2.98215128083333,2.977385,2.478143,3.4941325,19.6364002604586,11.9191100665069,32.9217159730935,"61-113",58,1,1,"US-NY-13",13,"US",44.1487466949897,-75.7014799
"59",0.00542148453533333,0.006768905,-0.1749806,0.1809238,0.679186581473812,-16.052669360662,19.8323863535712,-0.859942741871583,-0.828394,-2.053963,0.228188849999999,0.436750144113535,0.128225736745372,1.25632255954618,"61-35",59,1,1,"US-NY-13",13,"US",42.9038009944783,-75.468728
"60",0.0716876813604846,0.07100775,-0.085023685,0.23129755,7.35895461550991,-8.15094703043676,26.0234166342912,-1.28173521816083,-1.263035,-2.418406,-0.2409121,0.282794441609234,0.0890634715452874,0.785910704903261,"61-50",60,1,1,"US-NY-13",13,"US",42.7113819943962,-77.591937
"61",0.0724695698094758,0.0704228,-0.1873192,0.3345893,7.29617335874575,-17.0820979804299,39.7366368988558,0.0384183953025583,0.063032,-1.3680015,1.333974,1.06506092063546,0.254615300101567,3.79609914997666,"61-96",61,1,1,"US-NY-13",13,"US",44.6984126952043,-75.4650939
"62",0.0832447300638133,0.08213335,-0.1639718,0.33739525,8.56005650131271,-15.1234043257296,40.1292815281417,-1.71501320810258,-1.658545,-3.2159825,-0.415237850000001,0.190415833679704,0.0401159005828939,0.660183237446327,"68-11",62,1,1,"CA-ON-13",13,"CA",44.9477299952993,-75.58905
"63",-0.0174492032058917,-0.01693775,-0.25181005,0.2157854,-1.67951127658107,-22.2607610270285,24.0836067006437,-1.1215923934475,-1.064155,-2.530954,0.106175349999999,0.345019272911324,0.0795830618184952,1.11201685156651,"68-113",63,1,1,"CA-ON-12",12,"CA",44.8449999952604,-76.36333
"64",0.0371260292754225,0.0372548,-0.065699235,0.13796825,3.79574587078206,-6.35875379637324,14.7939102629067,1.66363476916667,1.669815,1.1117885,2.2012265,5.31118513703755,3.03979020036867,9.03608946944131,"68-15",64,1,1,"CA-ON-13",13,"CA",44.3541399950708,-77.00984
"65",-0.0720821453652167,-0.07208485,-0.25048495,0.1041374,-6.95480563857095,-22.1576804805325,10.9752924492508,-0.374062064601833,-0.35514,-1.4412545,0.60692395,0.701075285797702,0.236630719165848,1.83477883801427,"68-20",65,1,1,"CA-ON-13",13,"CA",44.5929999951637,-80.74133
"66",0.0136966652536758,0.01441415,-0.160064,0.18693805,1.45185347964658,-14.7910746491129,20.5552598753048,-0.997693818546,-0.965929,-2.119893,0.0213633199999993,0.380629430697942,0.120044472582853,1.02159314944287,"68-211",66,1,1,"CA-ON-13",13,"CA",44.7745999952335,-75.97061
"67",0.0741711067650608,0.0742289,-0.04869986,0.19806695,7.70533147859098,-4.75330397647845,21.9044006085849,1.33268325375333,1.335615,0.6222202,2.014176,3.80233366270039,1.8630598188733,7.49454932754851,"68-213",67,1,1,"CA-ON-12",12,"CA",44.6579799951888,-76.54203
"68",-0.0406773602285333,-0.0404021,-0.23062115,0.1419886,-3.95968166192328,-20.5959768799206,15.2563509238106,-0.210525000738508,-0.174282,-1.3424705,0.7952406,0.840059967342036,0.261199577269002,2.21497385540822,"68-217",68,1,1,"CA-ON-12",12,"CA",44.7580099952272,-77.94807
"69",-0.2333401748025,-0.230704,-0.4792834,0.00663523499999986,-20.6025552307241,-38.0773029099884,0.665729694014572,-0.710198501304917,-0.6730875,-2.0982955,0.56117975,0.510131114015441,0.122665333223622,1.75273907495936,"68-220",69,1,1,"CA-ON-13",13,"CA",44.4338199951019,-80.01264
"70",-0.0505404823066,-0.0487435,-0.25153925,0.14634075,-4.75746045159797,-22.2397063904455,15.7590569840856,-1.4425683179322,-1.413065,-2.6849745,-0.32995525,0.243396129588321,0.0682229336589457,0.718955905988853,"68-26",70,1,1,"CA-ON-12",12,"CA",45.5022199955052,-77.74688
"71",-0.0726792061308383,-0.0719842,-0.16943275,0.021640885,-6.9454401684491,-15.5856478776638,2.1876747301999,2.26624735025,2.26448,1.6560535,2.886736,9.62611771822008,5.23859587689507,17.9346751824389,"68-296",71,1,1,"CA-ON-13",13,"CA",45.8276099956227,-82.16123
"72",0.196112086439633,0.193428,0.019606375,0.3820511,21.3402018460957,1.97998422992434,46.5286959383531,-0.355532243365667,-0.321303,-1.453703,0.63243965,0.72520348104192,0.233703280572128,1.88219688412861,"68-312",72,1,1,"CA-ON-12",12,"CA",44.5425899951442,-76.67859
"73",0.0344146451307988,0.03545905,-0.1438944,0.21009765,3.60952191601129,-13.4020809366517,23.3798534501372,-0.140377455283167,-0.120215,-1.299288,0.93002125,0.886729769320743,0.272725904766229,2.53456303651013,"68-313",73,1,1,"CA-ON-12",12,"CA",44.5133299951329,-76.60416
"74",0.097051103857025,0.09675665,-0.016085415,0.2113523,10.1592268522101,-1.59567355898999,23.5347491328835,2.08978731175,2.093755,1.4506865,2.7171785,8.11533109091046,4.2660421480785,15.137551333178,"68-314",74,1,1,"CA-ON-12",12,"CA",44.5076299951306,-77.67097
"75",-0.0666952834568792,-0.06576985,-0.24426785,0.1081188,-6.36536603950939,-21.6722194797363,11.4180102120454,-0.0823841707008875,-0.04925965,-1.092406,0.861216549999999,0.951933927962533,0.335408529193948,2.36603734628879,"68-316",75,1,1,"CA-ON-12",12,"CA",44.7435999952217,-78.75868
"76",-0.15260648311887,-0.149142,-0.36696205,0.0493482949999999,-13.8553219229429,-30.7164062330679,5.05862009452893,-0.700404573211958,-0.6764255,-1.89341,0.38443405,0.508431135199965,0.150557531309761,1.46878282852983,"68-319",76,1,1,"CA-ON-13",13,"CA",44.5879799951618,-79.04431
"77",-0.0447026566656542,-0.043495,-0.30273025,0.2093353,-4.25626587342947,-26.120163964875,23.2858306625492,-0.912163505675167,-0.874154,-2.583681,0.6194105,0.417214834166642,0.0754955926445463,1.85783252670049,"68-324",77,1,1,"CA-ON-13",13,"CA",45.2388599954084,-75.92689
"78",-0.155733859211986,-0.1522725,-0.3672103,0.0472526599999999,-14.1245761675651,-30.7336037504904,4.83868610438094,-0.471576486491425,-0.446548,-1.6073965,0.5859032,0.639833047461875,0.200408699507014,1.79661295386872,"68-328",78,1,1,"CA-ON-12",12,"CA",45.455069995488,-79.5929
"79",-0.0563294610038342,-0.0570715,-0.2854109,0.1760043,-5.54734666949934,-24.8294684861816,19.2443186145346,-1.03949288911002,-0.998242,-2.4409245,0.2088806,0.368526742039775,0.0870803084915295,1.23229785338217,"68-338",79,1,1,"CA-ON-12",12,"CA",45.3807299954608,-80.042
"80",-0.118867824570958,-0.1168565,-0.2896551,0.0452817649999999,-11.0287142201651,-25.1478311806636,4.63226354754327,0.567487255736,0.582906,-0.2151797,1.3053565,1.79123620714107,0.806396517702201,3.68900398923312,"68-37",80,1,1,"CA-ON-13",13,"CA",45.789339995609,-81.73699
"81",0.024531933975439,0.02478075,-0.19607655,0.2432474,2.50903448261901,-17.8050687949984,27.5384115120694,-0.623876610361892,-0.589363,-1.8165835,0.4559093,0.554680503703181,0.162580258610312,1.57760724929968,"68-51",81,1,1,"CA-ON-12",12,"CA",45.3987999954674,-78.0871
"82",-0.0518597941901925,-0.0515099,-0.26175365,0.1568626,-5.02057530473901,-23.029938389965,16.9834867547091,-0.878264035866025,-0.8494765,-2.164761,0.32673885,0.427638742242835,0.114777363109224,1.38643936125988,"68-52",82,1,1,"CA-ON-12",12,"CA",45.1156899953625,-79.62024
"83",-0.125493747755183,-0.1238605,-0.30141985,0.04573389,-11.649691903365,-26.0232883687065,4.67958110561912,-0.539117826752917,-0.508369,-1.610192,0.42763785,0.601475786243176,0.199849239337335,1.53363057607248,"68-53",83,1,1,"CA-ON-12",12,"CA",48.8459599965887,-93.63376
"84",-0.0366318389537392,-0.03743585,-0.222831,0.150605,-3.67437913753594,-19.9749919869231,16.253736511821,-0.558504095167092,-0.529952,-1.710127,0.49341345,0.588633223394984,0.18084282411999,1.637897570167,"68-66",84,1,1,"CA-ON-12",12,"CA",48.6791399965411,-94.16309
"85",0.0703662361569333,0.07062035,-0.13556045,0.27873995,7.31737181160101,-12.6773625201382,32.1463652560165,-1.09908507538558,-1.050275,-2.4576945,0.0925116599999997,0.349841529460958,0.0856321484788604,1.0969259316421,"72-44",85,1,1,"US-PA-28",28,"US",41.7952106939947,-75.4205569
"86",-0.0848756662591083,-0.0844438,-0.31040865,0.1381906,-8.09766969648505,-26.6852705641791,14.819437526742,-2.045190743045,-1.993085,-3.6076045,-0.6531647,0.136274369870189,0.0271167272449663,0.520396269965074,"72-56",86,1,1,"US-PA-28",28,"US",40.8006167935402,-79.3662002
"87",-0.107330405628169,-0.105908,-0.29641105,0.08128064,-10.0492601049971,-25.6518242974773,8.46752571210483,-1.89391825032083,-1.84691,-3.2065695,-0.7384593,0.157723780589406,0.0404952943706115,0.477849571497737,"72-57",87,1,1,"US-PA-28",28,"US",40.4757716933879,-78.9943469
"88",-0.03964079350265,-0.04042875,-0.2322176,0.1527949,-3.96224110230229,-20.7226402998205,16.5085995298167,-1.2611485973089,-1.21202,-2.560489,-0.1208792,0.297595528898091,0.07726694766631,0.886140998960242,"72-64",88,1,1,"US-PA-28",28,"US",40.5712156934329,-78.1386279
"89",-0.0297748491953425,-0.02926975,-0.2236931,0.16522975,-2.88455397852728,-20.0439518169255,17.9664115409968,-1.43521895033193,-1.394985,-2.6985455,-0.32737295,0.247836753890656,0.0673033342815003,0.720814864986794,"72-67",89,1,1,"US-PA-28",28,"US",40.7666106935244,-77.8241719
"90",0.00580622374701,0.005874795,-0.11979715,0.13211675,0.589208545084796,-11.2899633223465,14.1241551440786,1.21757268704833,1.22431,0.6016392,1.7945,3.40181801836908,1.82510806686157,6.0164657367553,"72-71",90,1,1,"US-PA-28",28,"US",40.6956946934912,-77.8942099
"91",-0.134498940411575,-0.1353475,-0.31775415,0.04544368,-12.6587651844059,-27.2218308449106,4.64920645211375,-1.31348250018125,-1.275205,-2.557578,-0.1994337,0.279373690744064,0.077492199445868,0.819194531609947,"72-72",91,1,1,"US-PA-28",28,"US",40.5680516934313,-77.3969039
"92",-0.0335319964782917,-0.03206905,-0.2271865,0.1596634,-3.15602909914756,-20.322782957727,17.3115933704309,-0.80091251117,-0.757869,-2.047978,0.325029299999999,0.468664086794824,0.128995468905619,1.38407119867277,"90-147",92,1,1,"US-WV-28",28,"US",39.2175156927819,-79.2333049
"93",-0.0901979012710967,-0.08926815,-0.2692569,0.08497065,-8.53997093783203,-23.6053027540522,8.86851133214093,-0.358173146783917,-0.326874,-1.476302,0.673987549999999,0.721174605302431,0.228481050971785,1.96204549706461,"90-2",93,1,1,"US-WV-28",28,"US",37.9457138921477,-80.7326693
"94",-0.125509990665217,-0.1255985,-0.3059157,0.053398145,-11.8031113786941,-26.3551300535244,5.48495445953034,0.00388818292033333,0.0268248,-1.0365685,0.95713445,1.02718782369107,0.354669645080696,2.6042232391707,"90-23",94,1,1,"US-WV-28",28,"US",38.6064756924795,-80.0236509
"95",-0.138023542380633,-0.1360805,-0.3053051,0.019038565,-12.7227628515153,-26.3101487645451,1.92209541155903,0.489404954599908,0.499391,-0.34276825,1.3108565,1.64771750512391,0.709802689273857,3.70934940979306,"90-3",95,1,1,"US-WV-28",28,"US",37.6627656920043,-80.3143619
"96",-0.138275573776983,-0.136867,-0.35829885,0.0784005,-12.7913794115332,-30.1135811767479,8.15557350126292,-0.955297408501925,-0.9121975,-2.305673,0.2359842,0.401640648235796,0.0996916855675384,1.26615430477082,"90-32",96,1,1,"US-WV-28",28,"US",38.8093116925804,-79.858255
"97",-0.0470397365073083,-0.04807995,-0.2230214,0.13324125,-4.69424129226365,-19.9902272980012,14.2525599386032,-0.740611506828675,-0.7006635,-2.0990175,0.49375475,0.496255928724606,0.122576800817079,1.63845668001437,"90-34",97,1,1,"US-WV-28",28,"US",39.0495128926992,-81.5532319
"98",-0.108579963622658,-0.1092735,-0.273673,0.053020395,-10.3514804735281,-23.9419255495302,5.44511504312677,0.327844148290192,0.3477775,-0.47493555,1.082478,1.41591717311803,0.621925138248531,2.95198551534429,"90-46",98,1,1,"US-WV-28",28,"US",39.0940820927212,-79.935752
"99",-0.0508094409144083,-0.05114905,-0.24337605,0.13888955,-4.98629579482912,-21.6023356084818,14.89971862557,-0.9886631069065,-0.952116,-2.23786,0.136577699999998,0.385923544646469,0.106686569521289,1.14634394523999,"90-5",99,1,1,"US-WV-28",28,"US",37.3039581918215,-81.1552555
"100",-0.0489818664824417,-0.04781295,-0.1929027,0.088031455,-4.66879125726021,-17.5437799861876,9.20224710547972,1.74541105858333,1.74689,1.1165025,2.352512,5.73673366240208,3.05415359930614,10.5119425863222,"91-1",100,1,1,"US-WI-12",12,"US",46.3964396958217,-92.1964109
"101",0.00231312811071583,0.002915195,-0.1357175,0.1395935,0.29194483130186,-12.6910754635174,14.9806307582031,0.542473294944257,0.5568545,-0.2986226,1.3272765,1.74517441159867,0.741839326773211,3.77075972603538,"91-10",101,1,1,"US-WI-23",23,"US",45.3718766954575,-92.6673889
"102",0.0521869437970233,0.05199535,-0.05036264,0.15422665,5.33708443275505,-4.91154667983169,16.675530190164,1.93896712716667,1.939555,1.4011675,2.4723935,6.95565501535648,4.05993717761466,11.8507777696867,"91-11",102,1,1,"US-WI-12",12,"US",45.9602046956698,-92.4981849
"103",-0.0421049118508508,-0.0422155,-0.1478463,0.0635964099999999,-4.1336833601752,-13.7436319208163,6.56622213437801,1.98126637,1.983305,1.410735,2.5390105,7.26671985067224,4.09896703793303,12.6671306417592,"91-12",103,1,1,"US-WI-23",23,"US",45.5969216955397,-92.2379749
"104",0.020817417639735,0.02086215,-0.08328738,0.1251798,2.10812858802132,-7.9913305291562,13.3352211476019,2.7198586575,2.71569,2.1371405,3.327785,15.1150358493246,8.47516820273543,27.8765267616848,"91-13",104,1,1,"US-WI-23",23,"US",45.5385416955185,-91.8894659
"105",-0.0740208264899825,-0.07296215,-0.28652375,0.1319103,-7.03639839168989,-24.9130754825253,14.100596644159,-1.15559610371125,-1.117465,-2.462607,-0.012918825,0.327107963162533,0.085212512125163,0.987164264827172,"91-137",105,1,1,"US-WI-23",23,"US",44.4222276950974,-90.7309499
"106",0.0985662621283883,0.0981117,-0.0388063,0.23828965,10.3085992932633,-3.80629816978124,26.9076727668277,0.708705468101308,0.7042765,-0.1040235,1.533486,2.02238296141164,0.901204118875564,4.634303879832,"91-14",106,1,1,"US-WI-12",12,"US",45.3129596954358,-91.4793629
"107",-0.04042584113575,-0.03938085,-0.16186555,0.076434435,-3.86155038706714,-14.9444445952843,7.94314150962707,2.1288101565,2.12905,1.605812,2.6536115,8.40687648397575,4.98190326624231,14.2052483722475,"91-15",107,1,1,"US-WI-12",12,"US",45.8737726956391,-91.2353139
"108",0.044763362213875,0.04450675,-0.06029549,0.1489777,4.55120338928663,-5.85137073070551,16.0647106490019,1.55648152546667,1.554645,0.8722739,2.2571515,4.73340586777733,2.39234462570005,9.55583057874807,"91-16",108,1,1,"US-WI-12",12,"US",45.711441695581,-91.1942679
"109",0.0852295124170833,0.0855375,-0.006124901,0.17731745,8.93024094185126,-0.610618203064661,19.4010071467807,1.5745385801,1.581585,0.92669905,2.198694,4.86265701779218,2.52615668271627,9.01323452514829,"91-17",109,1,1,"US-WI-12",12,"US",45.141095695372,-90.7920749
"110",0.110775560073742,0.109922,-0.01540124,0.23967445,11.6191004165005,-1.52832474238604,27.0835362518482,0.9922295001165,0.9982275,0.2800212,1.691438,2.71346794148577,1.32315786298679,5.42727952439234,"91-2",110,1,1,"US-WI-12",12,"US",46.523218695865,-91.4282439
"111",-0.127014071680925,-0.1243985,-0.281629,0.01498946,-11.6972115851804,-24.5446428014037,1.5102365380403,0.89350229616,0.8997935,0.15270415,1.6069955,2.45909525555239,1.16498026854152,4.98780283914156,"91-20",111,1,1,"US-WI-12",12,"US",45.3240446954399,-90.0875099
"112",0.131254327494201,0.12958,-0.04379996,0.31081755,13.8350175834228,-4.28545943092881,36.4540238106928,-0.417780058440367,-0.3894005,-1.571167,0.63543195,0.677462891785948,0.20780253524134,1.88783741673914,"91-21",112,1,1,"US-WI-23",23,"US",45.232521695406,-89.2840419
"113",0.082756799103925,0.08209655,-0.04661294,0.2165975,8.55606156474076,-4.55432418637824,24.1844159256908,0.707706991897583,0.7163405,-0.059550075,1.46095,2.04692875196774,0.942188352328196,4.31005213357682,"91-22",113,1,1,"US-WI-12",12,"US",45.3150926954366,-89.6369409
"114",-0.035382695743125,-0.03409585,-0.14855665,0.076046185,-3.3521136801301,-13.8048823746759,7.9012407194532,1.95017296975,1.94544,1.3432255,2.567266,6.99670973013205,3.83138171794816,13.0301512643661,"91-23",114,1,1,"US-WI-12",12,"US",45.7693236956018,-89.5094999
"115",0.0199888797899675,0.01913635,-0.16304865,0.20167175,1.93206235095951,-15.0450143191327,22.3446345929108,-1.11075175446842,-1.079945,-2.2798535,-0.0431491450000009,0.339614203912497,0.1022991924495,0.95776853302623,"91-26",115,1,1,"US-WI-12",12,"US",45.4638296954912,-88.7750249
"116",0.0626810109840878,0.06202075,-0.038931505,0.1659929,6.39844221757395,-3.81834134827008,18.056471968401,2.078001838,2.093505,1.4420665,2.662493,8.1133025117207,4.22942690319007,14.3319742104103,"91-28",116,1,1,"US-WI-12",12,"US",45.5054966955065,-88.0179749
"117",0.0674113152940483,0.06766185,-0.094620955,0.2317595,7.00034256385018,-9.02823069324392,26.0816466002363,-0.523461781831958,-0.506686,-1.5194735,0.40797015,0.602488922306279,0.218827069079729,1.50376227319631,"91-29",117,1,1,"US-WI-12",12,"US",45.4469756954851,-87.8743129
"118",0.0197262940785667,0.0198921,-0.080813905,0.1222724,2.00912662407544,-7.76346769509861,13.0061888716321,1.51620727452583,1.51796,0.80754605,2.2242055,4.56290736316411,2.24239849564511,9.24613383158501,"91-3",118,1,1,"US-WI-12",12,"US",46.0670956957074,-91.8218079
"119",0.146087225114217,0.145038,0.00263378199999999,0.2932062,15.6083500606363,0.263725345082433,34.0719218233795,0.330578842152508,0.3463545,-0.58131885,1.1978975,1.41390375586681,0.559160431324565,3.31314371006507,"91-301",119,1,1,"US-WI-12",12,"US",46.6330276959022,-91.9549099
"120",0.114889564705464,0.1124315,-0.061063395,0.29621015,11.8995603088605,-5.92364018227664,34.4752726925524,-0.7132460092605,-0.6960725,-1.8625735,0.33578535,0.498539477568837,0.155272521914122,1.39903868892396,"91-302",120,1,1,"US-WI-12",12,"US",46.3269266957978,-90.9078369
"121",-0.0695172770780083,-0.06974985,-0.2063767,0.064499535,-6.73729126052875,-18.6473436901532,6.66250822638703,1.79950643041667,1.81274,1.0300225,2.5269915,6.12721301655634,2.80112885938938,12.5157956678721,"91-304",121,1,1,"US-WI-23",23,"US",45.7427326955923,-92.4933019
"122",0.119989665588967,0.1196355,0.014786855,0.2256576,12.7085953867632,1.4896721398618,25.3146514445211,2.67894583433333,2.683535,2.0009805,3.3473275,14.6367428374611,7.3963046214431,28.4266617844034,"91-305",122,1,1,"US-WI-12",12,"US",45.8488176956302,-91.3051159
"123",0.05422758766825,0.05443615,-0.06123121,0.1680091,5.59450521696478,-5.93942628199023,18.2947375419947,1.28498350179917,1.299555,0.58967195,1.9413815,3.6676641938545,1.8033967140573,6.96837112869735,"91-306",123,1,1,"US-WI-12",12,"US",45.842717695628,-90.6226889
"124",0.0171501315959367,0.0179459,-0.179193,0.2151131,1.81078952627289,-16.4055453470496,24.0002133276823,0.0326113599585,0.06578755,-1.072696,1.0372565,1.06799979650543,0.342085011900553,2.8214656952066,"91-311",124,1,1,"US-WI-23",23,"US",44.8877796952766,-90.3147969
"125",0.0907128951261183,0.09003175,-0.05987272,0.2423867,9.42090242902218,-5.81155909972069,27.4286864282445,0.147276414846708,0.1613875,-0.72046605,0.97624205,1.17514024744382,0.486525457924799,2.65446213902611,"91-35",125,1,1,"US-WI-23",23,"US",44.9295286952925,-91.1258789
"126",-0.109333262065283,-0.106643,-0.27511505,0.0459525199999999,-10.1153496079523,-24.0515260520962,4.70246970441226,0.16121369655525,0.181737,-0.7375452,1.009822,1.1992987368313,0.478286573492376,2.74511234152947,"91-36",126,1,1,"US-WI-23",23,"US",44.8143966952487,-90.3574219
"127",-0.180687569976833,-0.1782625,-0.3235504,-0.04551239,-16.3277245064639,-27.6424511201267,-4.44922362425798,1.3086717127825,1.317065,0.52390255,2.057201,3.73245054309318,1.688604671935,7.82403964640124,"91-38",127,1,1,"US-WI-23",23,"US",44.197300695009,-90.3827969
"128",0.024259305674005,0.02484105,-0.093162705,0.13883095,2.51521596376811,-8.89547433820043,14.8929856993353,1.27655410327917,1.29889,0.54567245,1.941679,3.66522600795226,1.72576848529505,6.97044452751092,"91-4",128,1,1,"US-WI-12",12,"US",46.3087136957915,-91.0900569
"129",0.0142833643794333,0.0156179,-0.11040625,0.1377021,1.57404968035566,-10.4529723407133,14.7633619290901,1.01221987303117,1.020575,0.34927655,1.642882,2.77478980948522,1.41804129544141,5.17004814057398,"91-41",129,1,1,"US-WI-23",23,"US",44.6134036951716,-89.4892659
"130",-0.0028002134604,-0.00242271,-0.1786624,0.1720925,-0.241977760671885,-16.3611783598899,18.7787698494669,-1.03463280019597,-1.005625,-2.2278855,0.065063609999999,0.365815928385464,0.107756039556572,1.06722690852876,"91-44",130,1,1,"US-WI-23",23,"US",44.4254666950987,-88.9513789
"131",0.132713644688792,0.1321225,0.00891486649999999,0.2594806,14.1248113598573,0.895472227060856,29.6256636089012,0.66303212662825,0.6833275,-0.17366585,1.4237315,1.98045675015514,0.840577729784198,4.15258694385688,"91-5",131,1,1,"US-WI-12",12,"US",46.7999036959582,-90.9468609
"132",-0.130199731975335,-0.12984,-0.3444828,0.0817814249999999,-12.176406257027,-29.1413260226055,8.52185822528688,-1.26795033956252,-1.223865,-2.593263,-0.0786442050000003,0.294091304598013,0.0747756486360178,0.924368751724087,"91-53",132,1,1,"US-WI-23",23,"US",43.8227656948592,-90.2094039
"133",-0.036458569779115,-0.0343001,-0.23658135,0.1560882,-3.3718519950669,-21.0678331627619,16.8929298107405,-0.584332228225767,-0.5585005,-1.8214775,0.5445676,0.572066234343022,0.161786534651422,1.72386282291347,"91-6",133,1,1,"US-WI-12",12,"US",46.1105636957227,-90.7900389
"134",-0.0190847290334725,-0.01699155,-0.17187475,0.13017265,-1.68480077658556,-15.7915362335485,13.9025019019091,-0.152752820510433,-0.145022,-1.112308,0.7776591,0.865003262829627,0.328799216076011,2.17637162944058,"91-7",134,1,1,"US-WI-12",12,"US",46.3414536958028,-90.1542219
"135",-0.139741291314483,-0.139463,-0.26964795,-0.0130572450000001,-13.0174793858362,-23.6351710600291,-1.29723689937201,-0.711951303361167,-0.7118265,-2.0371915,0.61227095,0.490747028922891,0.13039440980527,1.84461567581039,"KY73",1,1,0,"US-VA-28",28,"US",37.2158407543048,-82.4539109960083
"136",-0.109967302967417,-0.109237,-0.1764162,-0.04688339,-10.3482082428476,-16.173097684394,-4.5801339791155,0.239476819687992,0.2423625,-0.76794475,1.2287425,1.27425602691346,0.463965654485928,3.41693004402012,"KY86",1,2,0,"US-KY-28",28,"US",36.7067348851351,-84.2187761816928
"137",-0.141981385096825,-0.1415365,-0.2675681,-0.0195590600000001,-13.1976507850791,-23.4761783874171,-1.9369022587155,-0.696074308333167,-0.695529,-1.591767,0.161232,0.498810507420586,0.203565593348197,1.1749575273422,"KY87",1,3,0,"US-KY-28",28,"US",36.7067349624953,-83.7812772465093
"138",-0.0186578831062408,-0.0188372,-0.05499197,0.0180149,-1.86608887538048,-5.35072517402628,1.81781471311637,1.1934240493525,1.19179,0.43592845,1.9624815,3.29297035195628,1.54639814600362,7.11696592162854,"KY88",1,4,0,"US-KY-28",28,"US",36.7940278573164,-83.2492437539339
"139",-0.0361689970968625,-0.03628215,-0.2013392,0.13078035,-3.56318413824517,-18.2364957295115,13.9717414886324,0.9736182870705,0.9803985,-0.114222,2.0654235,2.66551823933075,0.892059896601596,7.88863802853734,"NC12",1,5,0,"US-TN-28",28,"US",36.2500075013607,-82.1562621315832
"140",-0.0899187904933333,-0.08971855,-0.1296202,-0.050452235,-8.58115525951617,-12.1571005094984,-4.92006574816826,0.433347262911233,0.4304535,-0.2170508,1.0911315,1.53795482793703,0.80488907990116,2.97764136836451,"NC13",1,6,0,"US-NC-28",28,"US",36.3407322853035,-81.6848315000607
"141",0.186104084166667,0.186011,0.1570349,0.21623815,20.4435509095362,17.003644746038,24.1397982729848,0.146437051820175,0.1442135,-0.49141235,0.7997409,1.15513070260507,0.611761762021933,2.22496436553485,"NC28",1,7,0,"US-TN-28",28,"US",35.6248213590854,-83.9062791313987
"142",-0.0324591970657875,-0.0326479,-0.07208376,0.0078142575,-3.21207101020859,-6.95470421925383,0.784486849224786,1.0001758173025,0.997723,0.37557165,1.6499025,2.7120993421675,1.45582339823943,5.20647217139532,"NC30",1,8,0,"US-NC-28",28,"US",35.6035873432252,-83.388874973791
"143",-0.148804050016667,-0.1490715,-0.1953941,-0.10141935,-13.8492485090531,-17.7489557191911,-9.64459519622747,0.0643306790074,0.0611569,-0.5836659,0.71925145,1.06306569611053,0.557849592737822,2.05289594009778,"NC31",1,9,0,"US-NC-28",28,"US",35.8748188876309,-82.5937826554053
"144",-0.0473282685063142,-0.04734725,-0.088881035,-0.00576877,-4.62438517419482,-8.50455853478767,-0.57521625964535,0.0916526024450167,0.08757655,-0.54962365,0.7395424,1.09152581754625,0.57716698630614,2.09497663381156,"NC32",1,10,0,"US-NC-28",28,"US",35.8748189811754,-82.1562838101212
"145",-0.0541691531125,-0.0541713,-0.075203315,-0.033106435,-5.27301747182621,-7.24451186646082,-3.25644148974159,0.499586357683783,0.496554,-0.1281765,1.144149,1.64304955517973,0.879698098727125,3.13976827680137,"NC50",1,11,0,"US-NC-28",28,"US",35.1248267735985,-83.9062790131969
"146",-0.117982872969167,-0.1179,-0.1705761,-0.06576138,-11.1215073336493,-15.682107872887,-6.36457295080102,0.571970615748333,0.568569,-0.0512631800000002,1.20949,1.76573847091399,0.950028609098943,3.35177481142277,"NC51",1,12,0,"US-NC-28",28,"US",35.1248268575545,-83.4687801600604
"147",-0.0945023649315158,-0.09428625,-0.1933781,0.00368647299999999,-8.99777689096246,-17.582970356893,0.369327639920347,0.954099081118533,0.955464,0.2463075,1.663633,2.59987664585496,1.27929289563077,5.27845267081846,"NC52",1,13,0,"US-NC-28",28,"US",35.3748242458931,-83.0312813709436
"148",-0.023754405480925,-0.0246872,-0.1976446,0.15108875,-2.4384963312176,-17.9338535600112,16.3099878615568,1.26040474055767,1.26128,0.2248368,2.2996215,3.52993691612711,1.25211835380101,9.97040794112735,"NC53",1,14,0,"US-NC-28",28,"US",35.3748243365467,-82.5937825211644
"149",-0.134126560988542,-0.1329405,-0.3573045,0.089350325,-12.4482816168535,-30.0440550552701,9.3463656890677,-0.207200095500367,-0.179072,-2.061756,1.503688,0.836045701939413,0.127230357113168,4.49824805562965,"NJ18",1,15,0,"US-PA-28",28,"US",41.2333019597999,-74.8833626811081
"150",-0.353338666725,-0.349921,-0.51629355,-0.2010321,-29.5256237723162,-40.3271802601017,-18.2113823013806,-0.110647588912,-0.109795,-1.1969505,0.94345485,0.896017800119265,0.302114105556387,2.56884106569635,"NJ19",1,16,0,"US-NJ-28",28,"US",41.2333019976201,-74.6500128310242
"151",-0.239934646566667,-0.2393165,-0.3246426,-0.1585747,-21.2834295003183,-27.7214368930309,-14.6640784523432,1.4845521421575,1.48234,0.6077481,2.385062,4.40323721020535,1.83629159427703,10.8597359476773,"NJ20",1,17,0,"US-NY-28",28,"US",41.2333020005978,-74.4166629770037
"152",-0.1590024573995,-0.1585945,-0.26980035,-0.0505006850000001,-14.6657680868624,-23.646808173189,-4.92467225938912,3.1461600225,3.140215,2.282355,4.0397235,23.1088347241232,9.79973162404489,56.810632493734,"NJ21",1,18,0,"US-NY-28",28,"US",41.233302021012,-74.1833631243407
"153",-0.0557913283343292,-0.05649425,-0.1731839,0.05998116,-5.49280813569442,-15.9017056140314,6.18165417332686,0.15536030117525,0.152489,-0.80222605,1.1205035,1.164729649998,0.44832984783063,3.06639774593861,"NJ24",1,19,0,"US-NJ-28",28,"US",40.9999525940447,-74.6500128079354
"154",-0.261299809272333,-0.259363,-0.4595128,-0.0720354400000001,-22.845709786864,-36.8408718166859,-6.95020816193783,2.37349817106583,2.382095,1.0836225,3.647818,10.8275628634928,2.95536599687816,38.39080585246,"NJ25",1,20,0,"US-NJ-28",28,"US",40.9999525970479,-74.4166629536943
"155",-0.14704853585,-0.146872,-0.19621855,-0.099713165,-13.6595513882165,-17.8167396465794,-9.49030056972385,2.52359408216667,2.515005,1.6983945,3.3814405,12.3666706123107,5.46516602032194,29.4131101964815,"NY32",1,21,0,"US-NY-28",28,"US",41.2497625835491,-74.1490085076274
"156",0.0579035773333333,0.0578915,0.040565215,0.075215685,5.96000228706424,4.13992223383168,7.81166594011133,1.3490767439525,1.35724,0.32907385,2.3699815,3.88545463446009,1.38968047970159,10.6971943841844,"NY92",1,22,0,"US-NY-13",13,"US",44.2497174666773,-75.6563058798721
"157",0.0739336847380325,0.0724626,-0.1206068,0.2715547,7.51525946311662,-11.3617583352045,31.200263643792,-2.81116388763333,-2.784025,-4.263147,-1.4606445,0.0617893042429097,0.01407792938206,0.232086646673516,"PA39",1,23,0,"US-PA-28",28,"US",41.7496013671603,-75.5938042363312
"158",-0.131549178864583,-0.129896,-0.24178565,-0.027347025,-12.1813242405718,-21.4775527620158,-2.69764805581112,0.765807508344833,0.759633,-0.069948705,1.6502285,2.13749161710742,0.932441648273608,5.20816975801478,"PA40",1,24,0,"US-PA-28",28,"US",41.7496760132496,-75.1562836647654
"159",0.100494081155433,0.099087,-0.12629125,0.33231445,10.4162357505404,-11.8641886152161,39.4191183009261,-3.12572409310833,-3.070445,-4.6564685,-1.751147,0.0464005020391126,0.00949995231368828,0.173574739002898,"PA46",1,25,0,"US-PA-28",28,"US",41.2497564939503,-78.6562954283252
"160",0.332270118366667,0.329807,0.2033721,0.4681693,39.0699697519406,22.5528402534247,59.7067763372714,-1.77576564,-1.76936,-2.5555935,-1.026982,0.170442036829897,0.0776461354081071,0.358086035080536,"PA47",1,26,0,"US-PA-28",28,"US",41.2497566109935,-78.2187966483045
"161",-0.219977790916583,-0.219724,-0.32718795,-0.11130645,-19.7259676280136,-27.9051771927478,-10.5335463032305,-0.9505649103675,-0.9424865,-1.5257185,-0.3985426,0.389657745809547,0.217464752295016,0.671297682701527,"PA48",1,27,0,"US-PA-28",28,"US",41.2497567312611,-77.7812978685793
"162",-0.2119343239087,-0.21035,-0.45470625,0.023626805,-18.9699408873409,-36.5365635585546,2.39081291853291,-0.78405896654075,-0.7745985,-1.543002,-0.0569461550000001,0.46088879070525,0.213738494396245,0.944644932403536,"PA49",1,28,0,"US-PA-28",28,"US",41.2497568547637,-77.343799089155
"163",-0.0131836890340167,-0.01293315,-0.2080401,0.1800464,-1.2849876199636,-18.7825532137223,19.727291529626,-2.91807607125,-2.8886,-4.368653,-1.574342,0.0556540737992532,0.0126682932714678,0.207143808474057,"PA50",1,29,0,"US-PA-28",28,"US",41.2497569815118,-76.9063003100371
"164",0.280967068391667,0.2791815,0.15606145,0.40817745,32.2047273675423,16.8898029666898,50.407403542858,-2.2356716515,-2.23102,-2.9713335,-1.5159885,0.107418807054332,0.0512349429616666,0.219591011812496,"PA51",1,30,0,"US-PA-28",28,"US",41.2497571115166,-76.4688015312309
"165",-0.0193615602462333,-0.02025855,-0.23417365,0.19712315,-2.00547243008409,-20.8775592152947,21.7894015119006,-3.11741541633333,-3.06105,-4.791298,-1.6353685,0.0468384889778055,0.00830167481164337,0.194880544585243,"PA52",1,31,0,"US-PA-28",28,"US",41.2497572447892,-76.0313027527415
"166",0.00433830519628333,0.005096845,-0.20372725,0.21510885,0.510985601011904,-18.431518111604,23.9996863278955,-3.53019966175,-3.485385,-4.827879,-2.368297,0.0306419590037455,0.00800347865451406,0.0936400595887157,"PA53",1,32,0,"US-PA-28",28,"US",41.2497573813412,-75.5938039745739
"167",0.00998476304472083,0.0102456,-0.04080274,0.060455275,1.02982658704878,-3.99815154826004,6.23200842420484,2.49737617058333,2.48751,1.737227,3.2936715,12.031280902449,5.68156657407122,26.9415983711535,"PA54",1,33,0,"US-PA-28",28,"US",41.2497575211844,-75.1563051967327
"168",0.00546216887251167,0.00408827,-0.1947436,0.2089648,0.409663837597019,-17.6954340088374,23.2401617229822,-2.8759966573,-2.847815,-4.345486,-1.509459,0.0579708488974753,0.0129652056264205,0.221029522591361,"PA57",1,34,0,"US-PA-28",28,"US",40.7497624594606,-79.968791529942
"169",-0.145461186016742,-0.1451035,-0.38456105,0.0894745399999999,-13.5067232063588,-31.9250614425429,9.35994899148924,-2.58412399301667,-2.57304,-3.786985,-1.4076135,0.0763032306631725,0.0226638303935463,0.244726626896741,"PA58",1,35,0,"US-PA-28",28,"US",40.7497625674964,-79.531292742262
"170",0.0294848235709358,0.02770445,-0.16400365,0.2264934,2.80917869875497,-15.1261076022519,25.4194332123995,-1.87632905530667,-1.85209,-3.50866,-0.3103825,0.156908883810745,0.0299370031557148,0.73316646641063,"PA60",1,36,0,"US-PA-28",28,"US",40.7497627932175,-78.6562951677892
"171",0.02891053114385,0.0294071,-0.1466366,0.2039457,2.98437585425986,-13.6392244542271,22.6231567274309,-1.357072222434,-1.3529,-2.543732,-0.198113800000001,0.25848955294231,0.078572618922733,0.820276500360417,"PA61",1,37,0,"US-PA-28",28,"US",40.7497629109226,-78.2187963810094
"172",-0.068001220167475,-0.06785225,-0.13705235,0.00135702299999999,-6.5601479239831,-12.8075420314422,0.135794417234814,-0.622951247867542,-0.613631,-1.174402,-0.0944397800000001,0.541381539550304,0.309003708666333,0.909882526101964,"PA62",1,38,0,"US-PA-28",28,"US",40.749763031871,-77.7812975945424
"173",0.1736236731325,0.1733435,0.07023126,0.27802565,18.9274550737653,7.27562381779299,32.0520068114446,-0.718568554585208,-0.7114595,-1.3720645,-0.0885528250000001,0.490927166135662,0.253582896884629,0.915254761126218,"PA63",1,39,0,"US-PA-28",28,"US",40.7497631560731,-77.3437988083945
"174",-0.0442683004080858,-0.0427752,-0.2486074,0.15483665,-4.18732472466232,-22.0113903429699,16.7467239754769,-1.62981018278917,-1.61551,-2.756577,-0.5314137,0.19878926206023,0.0635087872987505,0.587773446733201,"PA65",1,40,0,"US-PA-28",28,"US",40.7497634142823,-76.4688012370792
"175",-0.451625109275,-0.447375,-0.64247425,-0.27421925,-36.0695875728492,-47.401061654829,-23.9834609273159,-2.15379014356667,-2.12972,-3.137693,-1.2507605,0.118870572953545,0.0433827665862649,0.286286992792672,"PA66",1,41,0,"US-PA-28",28,"US",40.7497635483118,-76.0313024519234
"176",-0.202726738366667,-0.201797,-0.2913998,-0.1163775,-18.2739184950419,-25.2783119016473,-10.9860867658163,0.0884297984046,0.0957822,-0.63086,0.78647985,1.10051934477621,0.532133968954032,2.19565377596648,"PA67",1,42,0,"US-PA-28",28,"US",40.7497636856401,-75.5938036671095
"177",-0.0756228415482833,-0.0759269,-0.1671463,0.01911117,-7.31160406995858,-15.3924178610495,1.92949573394334,-1.26886331221667,-1.25947,-1.998748,-0.55277795,0.283804402980062,0.135504829124804,0.575349296757414,"PA72",1,43,0,"US-PA-28",28,"US",40.2497687749076,-79.5312925038199
"178",-0.0356100193306125,-0.03495155,-0.1586331,0.08620388,-3.43477990266653,-14.6690619246428,9.00285406709023,-1.76330332,-1.757945,-2.540621,-1.0013035,0.172398779542059,0.0788174389603162,0.367400222718356,"PA73",1,44,0,"US-PA-28",28,"US",40.2497688867759,-79.0937937098802
"179",-0.07032097027425,-0.06984545,-0.1376235,-0.00534663700000003,-6.7462067493171,-12.857327784891,-0.533236917601265,-0.243198930436317,-0.2371055,-0.79149775,0.281695999999999,0.788908053827405,0.453165558030994,1.32537574451129,"PA75",1,45,0,"US-PA-28",28,"US",40.2497691202468,-78.2187961229571
"180",-0.354463093608333,-0.3528685,-0.4801168,-0.2351056,-29.7330411646993,-38.1288877873391,-20.951263024517,-0.583239883569058,-0.5738605,-1.215906,0.025787475,0.563346436468716,0.296441316759458,1.02612284854003,"PA76",1,46,0,"US-PA-28",28,"US",40.2497692418699,-77.7812973299874
"181",-0.271841956291667,-0.271342,-0.3666418,-0.17883255,-23.7644273842451,-30.6942146089199,-16.3754082947459,-0.647892616770275,-0.6441725,-1.2961045,-0.0195546000000001,0.525096880042722,0.273595511145576,0.980635351036757,"PA77",1,47,0,"US-PA-28",28,"US",40.2497693667656,-77.3437985373546
"182",-0.096343952846825,-0.09807285,-0.2694394,0.08088715,-9.34171432129276,-23.6192435141665,8.42485322156212,-3.23488735958333,-3.21401,-4.384872,-2.169943,0.0401951072887261,0.0124644834861142,0.114184125220485,"PA78",1,48,0,"US-PA-28",28,"US",40.2497694949448,-76.9062997450652
"183",-0.0596828744315423,-0.05923095,-0.1589043,0.038103685,-5.75109238321715,-14.6922005373111,3.8838939310053,-0.29448842534045,-0.2895995,-1.058396,0.45334645,0.748563307156224,0.347011971371741,1.57356925515766,"PA86",1,49,0,"US-PA-28",28,"US",39.7497748944479,-79.5312922736785
"184",-0.0841305018554917,-0.082915,-0.25583155,0.086310315,-7.95706196074989,-22.5727616009197,9.01445640329923,0.010573853978,0.0278233,-1.393155,1.361835,1.02821398295778,0.248290710393788,3.90334938019793,"PA89",1,50,0,"US-PA-28",28,"US",39.7497752416828,-78.2187958739047
"185",-0.0826507930977011,-0.08411115,-0.3305425,0.1687328,-8.06709330097256,-28.1466176920715,18.380378428971,-3.659344307275,-3.625065,-5.3650125,-2.0489665,0.0266473652013236,0.00467740177267088,0.128868019886661,"TN25",1,51,0,"US-TN-28",28,"US",35.2438634183301,-84.9687773327672
"186",-0.233028099737417,-0.2279455,-0.48370245,0.00337397599999994,-20.383235021002,-38.3503386808822,0.337967426382368,-2.44000816655583,-2.42472,-3.7700685,-1.152988,0.0885028963840851,0.0230504842749722,0.3156920707947,"TN40",1,52,0,"US-TN-28",28,"US",35.7498197330885,-85.4062752103954
"187",-0.201235557705325,-0.1977925,-0.4303896,0.0165470649999999,-17.9459902455396,-34.9744294256609,1.66847259266625,-2.26606095559233,-2.253505,-3.567806,-1.010852,0.105030446940094,0.0282176954388769,0.3639087971574,"TN41",1,53,0,"US-TN-28",28,"US",35.749819805516,-84.9687763622956
"188",-0.0259758072025833,-0.025675,-0.20624525,0.1553589,-2.53482000244809,-18.6366491806001,16.8077108758913,-3.03622318716667,-3.018435,-4.4522105,-1.714958,0.0488776520625199,0.011652780009646,0.179971279348112,"TN42",1,54,0,"US-TN-28",28,"US",35.7498198812256,-84.5312775144932
"189",-0.07175515029667,-0.07396925,-0.28717,0.15210425,-7.12997490650641,-24.9615847312554,16.4281606463063,-3.16641843036667,-3.13521,-4.771402,-1.6680175,0.043490619840101,0.00846849899760995,0.188620635625271,"TN57",1,55,0,"US-TN-28",28,"US",36.2498143080127,-84.9687764741393
"190",-0.0749340486794475,-0.0750024,-0.1343797,-0.014589515,-7.22587402531424,-12.5741954206436,-1.44836037163883,1.20273041019525,1.19458,0.26699165,2.179177,3.30217056757107,1.30602954093846,8.83902874377812,"TN58",1,56,0,"US-TN-28",28,"US",36.249814383361,-84.531277631139
"191",-0.115142546549083,-0.1151115,-0.18074055,-0.05017426,-10.8733237877577,-16.5348118963251,-4.89363222968616,-0.355829909840167,-0.3677095,-1.281452,0.6108391,0.69231827093681,0.277633883244707,1.84197635286319,"TN59",1,57,0,"US-TN-28",28,"US",36.2498144619825,-84.0937787884388
"192",-0.0676737713179467,-0.066584,-0.25318825,0.1156983,-6.44156765276748,-22.367827449762,12.2657115382657,-0.363966739206417,-0.359875,-1.7925825,1.05398,0.697763541062613,0.166529551304164,2.86904723273801,"TN63",1,58,0,"US-TN-28",28,"US",36.234563589115,-82.3302486462259
"193",0.0481751149091567,0.04771845,-0.01191691,0.10887515,4.88753029066515,-1.18461848485554,11.5023131012955,1.08612616556833,1.074205,0.15059975,2.060843,2.92766448184684,1.16253126181306,7.8525867515174,"TN68",1,59,0,"US-KY-28",28,"US",36.6237626731773,-84.0938092125866
"194",-0.027453428204205,-0.0291179,-0.2029374,0.1523699,-2.86980587832776,-18.3670657957044,16.4590938957089,-2.24160741675833,-2.22419,-3.513758,-1.019674,0.108154988705014,0.0297847726788132,0.360712513286951,"VA19",1,60,0,"US-VA-28",28,"US",36.7498090854849,-83.0937815729803
"195",-0.0941197379420583,-0.09414105,-0.18124635,-0.00866268600000001,-8.98456240881884,-16.5770179136663,-0.862527304579996,0.166147578187708,0.1692455,-0.642953,0.936980899999999,1.1844108761046,0.525737626303558,2.55226423376697,"VA41",1,61,0,"US-VA-28",28,"US",37.2498040260741,-80.4687887313159
"196",-0.103729653258333,-0.1035815,-0.1345972,-0.07354439,-9.83974608595006,-12.593208465396,-7.09050976465875,0.596101137613966,0.6036765,-0.17671615,1.3336595,1.8288301497385,0.838017622068327,3.79490546451087,"VA65",1,62,0,"US-VA-28",28,"US",38.2497927352218,-79.5937914620202
